adduser	3.137ubuntu1
adwaita-icon-theme	46.0-1
alsa-topology-conf	1.2.5.1-2
alsa-ucm-conf	1.2.10-1ubuntu5.14
apt	2.8.3
aspell	0.60.8.1-1build1
aspell-en	2020.12.07-0-1
at-spi2-common	2.52.0-1build1
at-spi2-core	2.52.0-1build1
base-files	13ubuntu10.5
base-passwd	3.6.3build1
bash	5.2.21-2ubuntu4
binutils	2.42-4ubuntu2.10
binutils-aarch64-linux-gnu	2.42-4ubuntu2.10
binutils-common:arm64	2.42-4ubuntu2.10
bsdutils	1:2.39.3-9ubuntu6.6
bubblewrap	0.9.0-1ubuntu0.3
build-essential	12.10ubuntu1
bzip2	1.0.8-5.1ubuntu0.1
bzip2-doc	1.0.8-5.1ubuntu0.1
ca-certificates	20260601~24.04.1
clang	1:18.0-59~exp2
clang-18	1:18.1.3-1ubuntu1
coreutils	9.4-3ubuntu6.3
cpp	4:13.2.0-7ubuntu1
cpp-13	13.3.0-6ubuntu2~24.04.1
cpp-13-aarch64-linux-gnu	13.3.0-6ubuntu2~24.04.1
cpp-aarch64-linux-gnu	4:13.2.0-7ubuntu1
curl	8.5.0-2ubuntu10.15
dash	0.5.12-6ubuntu5
dbus	1.14.10-4ubuntu4.1
dbus-bin	1.14.10-4ubuntu4.1
dbus-daemon	1.14.10-4ubuntu4.1
dbus-session-bus-common	1.14.10-4ubuntu4.1
dbus-system-bus-common	1.14.10-4ubuntu4.1
dbus-user-session	1.14.10-4ubuntu4.1
dconf-gsettings-backend:arm64	0.40.0-4ubuntu0.1
dconf-service	0.40.0-4ubuntu0.1
debconf	1.5.86ubuntu1
debianutils	5.17build1
dictionaries-common	1.29.7
diffutils	1:3.10-1ubuntu0.1
dirmngr	2.4.4-2ubuntu17.6
dmsetup	2:1.02.185-3ubuntu3.2
dpkg	1.22.6ubuntu6.6
dpkg-dev	1.22.6ubuntu6.6
e2fsprogs	1.47.0-2.4~exp1ubuntu4.1
emacsen-common	3.0.5
enchant-2	2.3.3-2build2
eslint	6.4.0~dfsg+~6.1.9-11build3
fakeroot	1.33-1
file	1:5.45-3build1
findutils	4.9.0-5build1
fontconfig	2.15.0-1.1ubuntu2
fontconfig-config	2.15.0-1.1ubuntu2
fonts-dejavu-core	2.37-8
fonts-dejavu-mono	2.37-8
fuse3	3.14.0-5build1
g++	4:13.2.0-7ubuntu1
g++-13	13.3.0-6ubuntu2~24.04.1
g++-13-aarch64-linux-gnu	13.3.0-6ubuntu2~24.04.1
g++-aarch64-linux-gnu	4:13.2.0-7ubuntu1
gcc	4:13.2.0-7ubuntu1
gcc-13	13.3.0-6ubuntu2~24.04.1
gcc-13-aarch64-linux-gnu	13.3.0-6ubuntu2~24.04.1
gcc-13-base:arm64	13.3.0-6ubuntu2~24.04.1
gcc-14-base:arm64	14.2.0-4ubuntu2~24.04.1
gcc-aarch64-linux-gnu	4:13.2.0-7ubuntu1
gir1.2-appindicator3-0.1	12.10.1+20.10.20200706.1-0ubuntu5
gir1.2-atk-1.0:arm64	2.52.0-1build1
gir1.2-atspi-2.0:arm64	2.52.0-1build1
gir1.2-dbusmenu-glib-0.4:arm64	18.10.20180917~bzr492+repack1-3.1ubuntu5
gir1.2-freedesktop:arm64	1.80.1-1
gir1.2-freedesktop-dev:arm64	1.80.1-1
gir1.2-gdkpixbuf-2.0:arm64	2.42.10+dfsg-3ubuntu3.3
gir1.2-girepository-2.0:arm64	1.80.1-1
gir1.2-glib-2.0:arm64	2.80.0-6ubuntu3.9
gir1.2-glib-2.0-dev:arm64	2.80.0-6ubuntu3.9
gir1.2-gtk-3.0:arm64	3.24.41-4ubuntu1.3
gir1.2-harfbuzz-0.0:arm64	8.3.0-2build2
gir1.2-javascriptcoregtk-4.1:arm64	2.52.6-0ubuntu0.24.04.1
gir1.2-pango-1.0:arm64	1.52.1+ds-1build1
gir1.2-rsvg-2.0:arm64	2.58.0+dfsg-1build1
gir1.2-soup-3.0:arm64	3.4.4-5ubuntu0.8
gir1.2-webkit2-4.1:arm64	2.52.6-0ubuntu0.24.04.1
git	1:2.43.0-1ubuntu7.3
git-man	1:2.43.0-1ubuntu7.3
glib-networking:arm64	2.80.0-1build1
glib-networking-common	2.80.0-1build1
glib-networking-services	2.80.0-1build1
gnupg	2.4.4-2ubuntu17.6
gnupg-l10n	2.4.4-2ubuntu17.6
gnupg-utils	2.4.4-2ubuntu17.6
gpg	2.4.4-2ubuntu17.6
gpg-agent	2.4.4-2ubuntu17.6
gpg-wks-client	2.4.4-2ubuntu17.6
gpgconf	2.4.4-2ubuntu17.6
gpgsm	2.4.4-2ubuntu17.6
gpgv	2.4.4-2ubuntu17.6
grep	3.11-4build1
gsettings-desktop-schemas	46.1-0ubuntu1
gstreamer1.0-gl:arm64	1.24.2-1ubuntu0.5
gstreamer1.0-plugins-base:arm64	1.24.2-1ubuntu0.5
gstreamer1.0-plugins-good:arm64	1.24.2-1ubuntu1.7
gstreamer1.0-x:arm64	1.24.2-1ubuntu0.5
gtk-update-icon-cache	3.24.41-4ubuntu1.3
gyp	0.1+20220404git9ecf45e-2
gzip	1.12-1ubuntu3.2
handlebars	3:4.7.7+~4.1.0-1
hicolor-icon-theme	0.17-2
hostname	3.23+nmu2ubuntu2
humanity-icon-theme	0.6.16
hunspell-en-us	1:2020.12.07-2
icu-devtools	74.2-1ubuntu3.1
init-system-helpers	1.66ubuntu1
iso-codes	4.16.0-1
javascript-common	11+nmu1
keyboxd	2.4.4-2ubuntu17.6
krb5-locales	1.20.1-6ubuntu2.10
less	590-2ubuntu2.1
libaa1:arm64	1.4p5-51.1
libacl1:arm64	2.3.2-1build1.1
libalgorithm-diff-perl	1.201-1
libalgorithm-diff-xs-perl:arm64	0.04-8build3
libalgorithm-merge-perl	0.08-5
libaom3:arm64	3.8.2-2ubuntu0.2
libapparmor1:arm64	4.0.1really4.0.1-0ubuntu0.24.04.8
libappindicator3-1	12.10.1+20.10.20200706.1-0ubuntu5
libappindicator3-dev	12.10.1+20.10.20200706.1-0ubuntu5
libapt-pkg6.0t64:arm64	2.8.3
libargon2-1:arm64	0~20190702+dfsg-4build1
libasan8:arm64	14.2.0-4ubuntu2~24.04.1
libasound2-data	1.2.11-1ubuntu0.3
libasound2t64:arm64	1.2.11-1ubuntu0.3
libaspell15:arm64	0.60.8.1-1build1
libassuan0:arm64	2.5.6-1build1
libasyncns0:arm64	0.8-6build4
libatk-bridge2.0-0t64:arm64	2.52.0-1build1
libatk-bridge2.0-dev:arm64	2.52.0-1build1
libatk1.0-0t64:arm64	2.52.0-1build1
libatk1.0-dev:arm64	2.52.0-1build1
libatomic1:arm64	14.2.0-4ubuntu2~24.04.1
libatspi2.0-0t64:arm64	2.52.0-1build1
libatspi2.0-dev:arm64	2.52.0-1build1
libattr1:arm64	1:2.5.2-1ubuntu0.1
libaudit-common	1:3.1.2-2.1build1.1
libaudit1:arm64	1:3.1.2-2.1build1.1
libauthen-sasl-perl	2.1700-1
libavahi-client3:arm64	0.8-13ubuntu6.2
libavahi-common-data:arm64	0.8-13ubuntu6.2
libavahi-common3:arm64	0.8-13ubuntu6.2
libavc1394-0:arm64	0.5.4-5build3
libbinutils:arm64	2.42-4ubuntu2.10
libblkid-dev:arm64	2.39.3-9ubuntu6.6
libblkid1:arm64	2.39.3-9ubuntu6.6
libbrotli-dev:arm64	1.1.0-2build2
libbrotli1:arm64	1.1.0-2build2
libbsd0:arm64	0.12.1-1build1.1
libbz2-1.0:arm64	1.0.8-5.1ubuntu0.1
libbz2-dev:arm64	1.0.8-5.1ubuntu0.1
libc-bin	2.39-0ubuntu8.9
libc-dev-bin	2.39-0ubuntu8.9
libc-devtools	2.39-0ubuntu8.9
libc6:arm64	2.39-0ubuntu8.9
libc6-dev:arm64	2.39-0ubuntu8.9
libcaca0:arm64	0.99.beta20-4ubuntu0.2
libcairo-gobject2:arm64	1.18.0-3build1
libcairo-script-interpreter2:arm64	1.18.0-3build1
libcairo2:arm64	1.18.0-3build1
libcairo2-dev:arm64	1.18.0-3build1
libcap-ng0:arm64	0.8.4-2build2
libcap2:arm64	1:2.66-5ubuntu2.4
libcap2-bin	1:2.66-5ubuntu2.4
libcares2:arm64	1.27.0-1.0ubuntu1
libcbor0.10:arm64	0.10.2-1.2ubuntu2
libcc1-0:arm64	14.2.0-4ubuntu2~24.04.1
libcdparanoia0:arm64	3.10.2+debian-14build3
libclang-common-18-dev:arm64	1:18.1.3-1ubuntu1
libclang-cpp18	1:18.1.3-1ubuntu1
libclang-rt-18-dev:arm64	1:18.1.3-1ubuntu1
libclang1-18	1:18.1.3-1ubuntu1
libclone-perl:arm64	0.46-1build3
libcolord2:arm64	1.4.7-1build2
libcom-err2:arm64	1.47.0-2.4~exp1ubuntu4.1
libcrypt-dev:arm64	1:4.4.36-4build1
libcrypt1:arm64	1:4.4.36-4build1
libcryptsetup12:arm64	2:2.7.0-1ubuntu4.2
libctf-nobfd0:arm64	2.42-4ubuntu2.10
libctf0:arm64	2.42-4ubuntu2.10
libcups2t64:arm64	2.4.7-1.2ubuntu7.14
libcurl3t64-gnutls:arm64	8.5.0-2ubuntu10.15
libcurl4t64:arm64	8.5.0-2ubuntu10.15
libdata-dump-perl	1.25-1
libdatrie-dev:arm64	0.2.13-3build1
libdatrie1:arm64	0.2.13-3build1
libdb5.3t64:arm64	5.3.28+dfsg2-7
libdbus-1-3:arm64	1.14.10-4ubuntu4.1
libdbus-1-dev:arm64	1.14.10-4ubuntu4.1
libdbus-glib-1-2:arm64	0.112-3build2
libdbus-glib-1-dev:arm64	0.112-3build2
libdbus-glib-1-dev-bin	0.112-3build2
libdbusmenu-glib-dev:arm64	18.10.20180917~bzr492+repack1-3.1ubuntu5
libdbusmenu-glib4:arm64	18.10.20180917~bzr492+repack1-3.1ubuntu5
libdbusmenu-gtk3-4:arm64	18.10.20180917~bzr492+repack1-3.1ubuntu5
libdconf1:arm64	0.40.0-4ubuntu0.1
libdebconfclient0:arm64	0.271ubuntu3
libdeflate-dev:arm64	1.19-1build1.1
libdeflate0:arm64	1.19-1build1.1
libdevmapper1.02.1:arm64	2:1.02.185-3ubuntu3.2
libdpkg-perl	1.22.6ubuntu6.6
libdrm-amdgpu1:arm64	2.4.125-1ubuntu0.1~24.04.2
libdrm-common	2.4.125-1ubuntu0.1~24.04.2
libdrm2:arm64	2.4.125-1ubuntu0.1~24.04.2
libduktape207:arm64	2.7.0+tests-0ubuntu3
libdv4t64:arm64	1.0.0-17.1build1
libdw1t64:arm64	0.190-1.1ubuntu0.1
libedit2:arm64	3.1-20230828-1build1
libegl-dev:arm64	1.7.0-1build1
libegl-mesa0:arm64	25.2.8-0ubuntu0.24.04.2
libegl1:arm64	1.7.0-1build1
libegl1-mesa-dev:arm64	25.2.8-0ubuntu0.24.04.2
libelf1t64:arm64	0.190-1.1ubuntu0.1
libenchant-2-2:arm64	2.3.3-2build2
libencode-locale-perl	1.05-3
libepoxy-dev:arm64	1.5.10-1build1
libepoxy0:arm64	1.5.10-1build1
liberror-perl	0.17029-2
libevdev2:arm64	1.13.1+dfsg-1build1
libexpat1:arm64	2.6.1-2ubuntu0.6
libexpat1-dev:arm64	2.6.1-2ubuntu0.6
libext2fs2t64:arm64	1.47.0-2.4~exp1ubuntu4.1
libfakeroot:arm64	1.33-1
libfdisk1:arm64	2.39.3-9ubuntu6.6
libffi-dev:arm64	3.4.6-1build1
libffi8:arm64	3.4.6-1build1
libfido2-1:arm64	1.14.0-1build3
libfile-basedir-perl	0.09-2
libfile-desktopentry-perl	0.22-3
libfile-fcntllock-perl	0.22-4ubuntu5
libfile-listing-perl	6.16-1
libfile-mimeinfo-perl	0.34-1
libflac12t64:arm64	1.4.3+ds-2.1ubuntu2
libfont-afm-perl	1.20-4
libfontconfig-dev:arm64	2.15.0-1.1ubuntu2
libfontconfig1:arm64	2.15.0-1.1ubuntu2
libfreetype-dev:arm64	2.13.2+dfsg-1ubuntu0.1
libfreetype6:arm64	2.13.2+dfsg-1ubuntu0.1
libfribidi-dev:arm64	1.0.13-3build1
libfribidi0:arm64	1.0.13-3build1
libfuse2t64:arm64	2.9.9-8.1build1
libfuse3-3:arm64	3.14.0-5build1
libgbm1:arm64	25.2.8-0ubuntu0.24.04.2
libgc1:arm64	1:8.2.6-1build1
libgcc-13-dev:arm64	13.3.0-6ubuntu2~24.04.1
libgcc-s1:arm64	14.2.0-4ubuntu2~24.04.1
libgcrypt20:arm64	1.10.3-2ubuntu0.2
libgd3:arm64	2.3.3-9ubuntu5
libgdbm-compat4t64:arm64	1.23-5.1build1
libgdbm6t64:arm64	1.23-5.1build1
libgdk-pixbuf-2.0-0:arm64	2.42.10+dfsg-3ubuntu3.3
libgdk-pixbuf-2.0-dev:arm64	2.42.10+dfsg-3ubuntu3.3
libgdk-pixbuf2.0-bin	2.42.10+dfsg-3ubuntu3.3
libgdk-pixbuf2.0-common	2.42.10+dfsg-3ubuntu3.3
libgirepository-1.0-1:arm64	1.80.1-1
libgirepository-2.0-0:arm64	2.80.0-6ubuntu3.9
libgl-dev:arm64	1.7.0-1build1
libgl1:arm64	1.7.0-1build1
libgl1-mesa-dri:arm64	25.2.8-0ubuntu0.24.04.2
libgles-dev:arm64	1.7.0-1build1
libgles1:arm64	1.7.0-1build1
libgles2:arm64	1.7.0-1build1
libglib2.0-0t64:arm64	2.80.0-6ubuntu3.9
libglib2.0-bin	2.80.0-6ubuntu3.9
libglib2.0-data	2.80.0-6ubuntu3.9
libglib2.0-dev:arm64	2.80.0-6ubuntu3.9
libglib2.0-dev-bin	2.80.0-6ubuntu3.9
libglvnd-core-dev:arm64	1.7.0-1build1
libglvnd-dev:arm64	1.7.0-1build1
libglvnd0:arm64	1.7.0-1build1
libglx-dev:arm64	1.7.0-1build1
libglx-mesa0:arm64	25.2.8-0ubuntu0.24.04.2
libglx0:arm64	1.7.0-1build1
libgmp10:arm64	2:6.3.0+dfsg-2ubuntu6.1
libgnutls30t64:arm64	3.8.3-1.1ubuntu3.6
libgomp1:arm64	14.2.0-4ubuntu2~24.04.1
libgpg-error0:arm64	1.47-3build2.1
libgpm2:arm64	1.20.7-11
libgprofng0:arm64	2.42-4ubuntu2.10
libgraphene-1.0-0:arm64	1.10.8-3build2
libgraphite2-3:arm64	1.3.14-2ubuntu0.24.04.1
libgraphite2-dev:arm64	1.3.14-2ubuntu0.24.04.1
libgssapi-krb5-2:arm64	1.20.1-6ubuntu2.10
libgstreamer-gl1.0-0:arm64	1.24.2-1ubuntu0.5
libgstreamer-plugins-base1.0-0:arm64	1.24.2-1ubuntu0.5
libgstreamer-plugins-good1.0-0:arm64	1.24.2-1ubuntu1.7
libgstreamer1.0-0:arm64	1.24.2-1ubuntu0.1
libgtk-3-0t64:arm64	3.24.41-4ubuntu1.3
libgtk-3-bin	3.24.41-4ubuntu1.3
libgtk-3-common	3.24.41-4ubuntu1.3
libgtk-3-dev:arm64	3.24.41-4ubuntu1.3
libgudev-1.0-0:arm64	1:238-5ubuntu1
libharfbuzz-cairo0:arm64	8.3.0-2build2
libharfbuzz-dev:arm64	8.3.0-2build2
libharfbuzz-gobject0:arm64	8.3.0-2build2
libharfbuzz-icu0:arm64	8.3.0-2build2
libharfbuzz-subset0:arm64	8.3.0-2build2
libharfbuzz0b:arm64	8.3.0-2build2
libheif-plugin-aomdec:arm64	1.17.6-1ubuntu4.8
libheif-plugin-aomenc:arm64	1.17.6-1ubuntu4.8
libheif1:arm64	1.17.6-1ubuntu4.8
libhogweed6t64:arm64	3.9.1-2.2build1.1
libhtml-form-perl	6.11-1
libhtml-format-perl	2.16-2
libhtml-parser-perl:arm64	3.81-1ubuntu0.1
libhtml-tagset-perl	3.20-6
libhtml-tree-perl	5.07-3
libhttp-cookies-perl	6.11-1
libhttp-daemon-perl	6.16-1ubuntu0.24.04.1
libhttp-date-perl	6.06-1ubuntu0.24.04.1
libhttp-message-perl	6.45-1ubuntu1
libhttp-negotiate-perl	6.01-2
libhunspell-1.7-0:arm64	1.7.2+really1.7.2-10build3
libhwasan0:arm64	14.2.0-4ubuntu2~24.04.1
libhyphen0:arm64	2.8.8-7build3
libice-dev:arm64	2:1.0.10-1build3
libice6:arm64	2:1.0.10-1build3
libicu-dev:arm64	74.2-1ubuntu3.1
libicu74:arm64	74.2-1ubuntu3.1
libidn2-0:arm64	2.3.7-2build1.1
libiec61883-0:arm64	1.2.0-6build1
libio-html-perl	1.004-3
libio-socket-ssl-perl	2.085-1
libio-stringy-perl	2.111-3
libipc-system-simple-perl	1.30-2
libisl23:arm64	0.26-3build1.1
libitm1:arm64	14.2.0-4ubuntu2~24.04.1
libjansson4:arm64	2.14-2build2
libjavascriptcoregtk-4.1-0:arm64	2.52.6-0ubuntu0.24.04.1
libjavascriptcoregtk-4.1-dev:arm64	2.52.6-0ubuntu0.24.04.1
libjbig-dev:arm64	2.1-6.1ubuntu2
libjbig0:arm64	2.1-6.1ubuntu2
libjpeg-dev:arm64	8c-2ubuntu11
libjpeg-turbo8:arm64	2.1.5-2ubuntu2
libjpeg-turbo8-dev:arm64	2.1.5-2ubuntu2
libjpeg8:arm64	8c-2ubuntu11
libjpeg8-dev:arm64	8c-2ubuntu11
libjs-async	0.8.0-6
libjs-events	3.3.0+~3.0.0-3
libjs-inherits	2.0.4-6
libjs-is-typedarray	1.0.0-4
libjs-prettify	2015.12.04+dfsg-1.1
libjs-regenerate	1.4.2-3
libjs-source-map	0.7.0++dfsg2+really.0.6.1-15
libjs-sprintf-js	1.1.2+ds1+~1.1.2-1
libjs-typedarray-to-buffer	4.0.0-2
libjs-util	0.12.5+~1.0.10-1
libjson-c5:arm64	0.17-1build1
libjson-glib-1.0-0:arm64	1.8.0-2build2
libjson-glib-1.0-common	1.8.0-2build2
libk5crypto3:arm64	1.20.1-6ubuntu2.10
libkeyutils1:arm64	1.6.3-3build1
libkmod2:arm64	31+20240202-2ubuntu7.2
libkrb5-3:arm64	1.20.1-6ubuntu2.10
libkrb5support0:arm64	1.20.1-6ubuntu2.10
libksba8:arm64	1.6.6-1build1
liblcms2-2:arm64	2.14-2ubuntu0.1
libldap-common	2.6.10+dfsg-0ubuntu0.24.04.1
libldap2:arm64	2.6.10+dfsg-0ubuntu0.24.04.1
liblerc-dev:arm64	4.0.0+ds-4ubuntu2
liblerc4:arm64	4.0.0+ds-4ubuntu2
libllvm18:arm64	1:18.1.3-1ubuntu1
libllvm20:arm64	1:20.1.2-0ubuntu1~24.04.3
liblocale-gettext-perl	1.07-6ubuntu5
liblsan0:arm64	14.2.0-4ubuntu2~24.04.1
liblwp-mediatypes-perl	6.04-2
liblwp-protocol-https-perl	6.13-1
liblz4-1:arm64	1.9.4-1build1.1
liblzma-dev:arm64	5.6.1+really5.4.5-1ubuntu0.3
liblzma5:arm64	5.6.1+really5.4.5-1ubuntu0.3
liblzo2-2:arm64	2.10-2build4
libmagic-mgc	1:5.45-3build1
libmagic1t64:arm64	1:5.45-3build1
libmailtools-perl	2.21-2
libmanette-0.2-0:arm64	0.2.7-1build2
libmd0:arm64	1.1.0-2build1.1
libmount-dev:arm64	2.39.3-9ubuntu6.6
libmount1:arm64	2.39.3-9ubuntu6.6
libmp3lame0:arm64	3.100-6build1
libmpc3:arm64	1.3.1-1build1.1
libmpfr6:arm64	4.2.1-1build1.1
libmpg123-0t64:arm64	1.32.5-1ubuntu1.1
libncurses-dev:arm64	6.4+20240113-1ubuntu2.2
libncurses6:arm64	6.4+20240113-1ubuntu2.2
libncursesw6:arm64	6.4+20240113-1ubuntu2.2
libnet-dbus-perl	1.2.0-2build3
libnet-http-perl	6.23-1
libnet-smtp-ssl-perl	1.04-2
libnet-ssleay-perl:arm64	1.94-1build4
libnettle8t64:arm64	3.9.1-2.2build1.1
libnghttp2-14:arm64	1.59.0-1ubuntu0.4
libnghttp2-dev:arm64	1.59.0-1ubuntu0.4
libnode-dev	18.19.1+dfsg-6ubuntu5
libnode109:arm64	18.19.1+dfsg-6ubuntu5
libnotify-bin	0.8.3-1build2
libnotify4:arm64	0.8.3-1build2
libnpth0t64:arm64	1.6-3.1build1
libnss-systemd:arm64	255.4-1ubuntu8.17
libobjc-13-dev:arm64	13.3.0-6ubuntu2~24.04.1
libobjc4:arm64	14.2.0-4ubuntu2~24.04.1
libogg0:arm64	1.3.5-3build1
libopengl-dev:arm64	1.7.0-1build1
libopengl0:arm64	1.7.0-1build1
libopus0:arm64	1.4-1build1
liborc-0.4-0t64:arm64	1:0.4.38-1ubuntu0.1
libp11-kit0:arm64	0.25.3-4ubuntu2.2
libpam-cap:arm64	1:2.66-5ubuntu2.4
libpam-modules:arm64	1.5.3-5ubuntu5.7
libpam-modules-bin	1.5.3-5ubuntu5.7
libpam-runtime	1.5.3-5ubuntu5.7
libpam-systemd:arm64	255.4-1ubuntu8.17
libpam0g:arm64	1.5.3-5ubuntu5.7
libpango-1.0-0:arm64	1.52.1+ds-1build1
libpango1.0-dev:arm64	1.52.1+ds-1build1
libpangocairo-1.0-0:arm64	1.52.1+ds-1build1
libpangoft2-1.0-0:arm64	1.52.1+ds-1build1
libpangoxft-1.0-0:arm64	1.52.1+ds-1build1
libpcre2-16-0:arm64	10.42-4ubuntu2.1
libpcre2-32-0:arm64	10.42-4ubuntu2.1
libpcre2-8-0:arm64	10.42-4ubuntu2.1
libpcre2-dev:arm64	10.42-4ubuntu2.1
libpcre2-posix3:arm64	10.42-4ubuntu2.1
libperl5.38t64:arm64	5.38.2-3.2ubuntu0.6
libpfm4:arm64	4.13.0+git32-g0d4ed0e-1ubuntu0.1
libpipewire-0.3-0t64:arm64	1.0.5-1ubuntu3.3
libpipewire-0.3-common	1.0.5-1ubuntu3.3
libpixman-1-0:arm64	0.42.2-1build1
libpixman-1-dev:arm64	0.42.2-1build1
libpkgconf3:arm64	1.8.1-2build1
libpng-dev:arm64	1.6.43-5ubuntu0.6
libpng-tools	1.6.43-5ubuntu0.6
libpng16-16t64:arm64	1.6.43-5ubuntu0.6
libproc2-0:arm64	2:4.0.4-4ubuntu3.3
libproxy1v5:arm64	0.5.4-4build1
libpsl-dev:arm64	0.21.2-1.1build1
libpsl5t64:arm64	0.21.2-1.1build1
libpthread-stubs0-dev:arm64	0.4-1build3
libpulse0:arm64	1:16.1+dfsg1-2ubuntu10.1
libpython3-stdlib:arm64	3.12.3-0ubuntu2.1
libpython3.12-minimal:arm64	3.12.3-1ubuntu0.17
libpython3.12-stdlib:arm64	3.12.3-1ubuntu0.17
libraw1394-11:arm64	2.1.2-2build3
libre2-10:arm64	20230301-3build1
libreadline8t64:arm64	8.2-4build1
librsvg2-2:arm64	2.58.0+dfsg-1build1
librsvg2-common:arm64	2.58.0+dfsg-1build1
librsvg2-dev:arm64	2.58.0+dfsg-1build1
librtmp1:arm64	2.4+20151223.gitfa8646d.1-2build7
libsasl2-2:arm64	2.1.28+dfsg1-5ubuntu3.1
libsasl2-modules:arm64	2.1.28+dfsg1-5ubuntu3.1
libsasl2-modules-db:arm64	2.1.28+dfsg1-5ubuntu3.1
libseccomp2:arm64	2.5.5-1ubuntu3.1
libsecret-1-0:arm64	0.21.4-1build3
libsecret-common	0.21.4-1build3
libselinux1:arm64	3.5-2ubuntu2.1
libselinux1-dev:arm64	3.5-2ubuntu2.1
libsemanage-common	3.5-1build5
libsemanage2:arm64	3.5-1build5
libsensors-config	1:3.6.0-9build1
libsensors5:arm64	1:3.6.0-9build1
libsepol-dev:arm64	3.5-2build1
libsepol2:arm64	3.5-2build1
libsframe1:arm64	2.42-4ubuntu2.10
libsharpyuv-dev:arm64	1.3.2-0.4build3
libsharpyuv0:arm64	1.3.2-0.4build3
libshout3:arm64	2.4.6-1build2
libslang2:arm64	2.3.3-3build2
libsm-dev:arm64	2:1.2.3-1build3
libsm6:arm64	2:1.2.3-1build3
libsmartcols1:arm64	2.39.3-9ubuntu6.6
libsndfile1:arm64	1.2.2-1ubuntu5.24.04.1
libsoup-3.0-0:arm64	3.4.4-5ubuntu0.8
libsoup-3.0-common	3.4.4-5ubuntu0.8
libsoup-3.0-dev:arm64	3.4.4-5ubuntu0.8
libspa-0.2-modules:arm64	1.0.5-1ubuntu3.3
libspeex1:arm64	1.2.1-2ubuntu2.24.04.1
libsqlite3-0:arm64	3.45.1-1ubuntu2.8
libsqlite3-dev:arm64	3.45.1-1ubuntu2.8
libss2:arm64	1.47.0-2.4~exp1ubuntu4.1
libssh-4:arm64	0.10.6-2ubuntu0.5
libssl-dev:arm64	3.0.13-0ubuntu3.15
libssl3t64:arm64	3.0.13-0ubuntu3.15
libstdc++-13-dev:arm64	13.3.0-6ubuntu2~24.04.1
libstdc++6:arm64	14.2.0-4ubuntu2~24.04.1
libsysprof-capture-4-dev:arm64	46.0-1build1
libsystemd-shared:arm64	255.4-1ubuntu8.17
libsystemd0:arm64	255.4-1ubuntu8.17
libtag1v5:arm64	1.13.1-1build1
libtag1v5-vanilla:arm64	1.13.1-1build1
libtasn1-6:arm64	4.19.0-3ubuntu0.24.04.2
libtext-iconv-perl:arm64	1.7-8build3
libthai-data	0.1.29-2build1
libthai-dev:arm64	0.1.29-2build1
libthai0:arm64	0.1.29-2build1
libtheora0:arm64	1.1.1+dfsg.1-16.1build3
libtie-ixhash-perl	1.23-4
libtiff-dev:arm64	4.5.1+git230720-4ubuntu2.5
libtiff6:arm64	4.5.1+git230720-4ubuntu2.5
libtiffxx6:arm64	4.5.1+git230720-4ubuntu2.5
libtimedate-perl	2.3300-2
libtinfo6:arm64	6.4+20240113-1ubuntu2.2
libtry-tiny-perl	0.31-2
libtsan2:arm64	14.2.0-4ubuntu2~24.04.1
libtwolame0:arm64	0.4.0-2build3
libubsan1:arm64	14.2.0-4ubuntu2~24.04.1
libudev1:arm64	255.4-1ubuntu8.17
libunistring5:arm64	1.1-2build1.1
libunwind8:arm64	1.6.2-3build1.1
liburi-perl	5.27-1
libuuid1:arm64	2.39.3-9ubuntu6.6
libuv1-dev:arm64	1.48.0-1.1build1
libuv1t64:arm64	1.48.0-1.1build1
libv4l-0t64:arm64	1.26.1-4build3
libv4lconvert0t64:arm64	1.26.1-4build3
libvisual-0.4-0:arm64	0.4.2-2build1
libvorbis0a:arm64	1.3.7-1build3
libvorbisenc2:arm64	1.3.7-1build3
libvpx9:arm64	1.14.0-1ubuntu2.3
libvulkan1:arm64	1.3.275.0-1build1
libwavpack1:arm64	5.6.0-1build1
libwayland-bin	1.22.0-2.1build1
libwayland-client0:arm64	1.22.0-2.1build1
libwayland-cursor0:arm64	1.22.0-2.1build1
libwayland-dev:arm64	1.22.0-2.1build1
libwayland-egl1:arm64	1.22.0-2.1build1
libwayland-server0:arm64	1.22.0-2.1build1
libwebkit2gtk-4.1-0:arm64	2.52.6-0ubuntu0.24.04.1
libwebkit2gtk-4.1-dev	2.52.6-0ubuntu0.24.04.1
libwebp-dev:arm64	1.3.2-0.4build3
libwebp7:arm64	1.3.2-0.4build3
libwebpdecoder3:arm64	1.3.2-0.4build3
libwebpdemux2:arm64	1.3.2-0.4build3
libwebpmux3:arm64	1.3.2-0.4build3
libwebrtc-audio-processing1:arm64	0.3.1-0ubuntu6
libwww-perl	6.76-1ubuntu0.1
libwww-robotrules-perl	6.02-1
libx11-6:arm64	2:1.8.7-1build1
libx11-data	2:1.8.7-1build1
libx11-dev:arm64	2:1.8.7-1build1
libx11-protocol-perl	0.56-9
libx11-xcb1:arm64	2:1.8.7-1build1
libxau-dev:arm64	1:1.0.9-1build6
libxau6:arm64	1:1.0.9-1build6
libxaw7:arm64	2:1.0.14-1build2
libxcb-dri3-0:arm64	1.15-1ubuntu2
libxcb-glx0:arm64	1.15-1ubuntu2
libxcb-present0:arm64	1.15-1ubuntu2
libxcb-randr0:arm64	1.15-1ubuntu2
libxcb-render0:arm64	1.15-1ubuntu2
libxcb-render0-dev:arm64	1.15-1ubuntu2
libxcb-shape0:arm64	1.15-1ubuntu2
libxcb-shm0:arm64	1.15-1ubuntu2
libxcb-shm0-dev:arm64	1.15-1ubuntu2
libxcb-sync1:arm64	1.15-1ubuntu2
libxcb-xfixes0:arm64	1.15-1ubuntu2
libxcb1:arm64	1.15-1ubuntu2
libxcb1-dev:arm64	1.15-1ubuntu2
libxcomposite-dev:arm64	1:0.4.5-1build3
libxcomposite1:arm64	1:0.4.5-1build3
libxcursor-dev:arm64	1:1.2.1-1build1
libxcursor1:arm64	1:1.2.1-1build1
libxdamage-dev:arm64	1:1.1.6-1build1
libxdamage1:arm64	1:1.1.6-1build1
libxdmcp-dev:arm64	1:1.1.3-0ubuntu6
libxdmcp6:arm64	1:1.1.3-0ubuntu6
libxext-dev:arm64	2:1.3.4-1build2
libxext6:arm64	2:1.3.4-1build2
libxfixes-dev:arm64	1:6.0.0-2build1
libxfixes3:arm64	1:6.0.0-2build1
libxft-dev:arm64	2.3.6-1build1
libxft2:arm64	2.3.6-1build1
libxi-dev:arm64	2:1.8.1-1build1
libxi6:arm64	2:1.8.1-1build1
libxinerama-dev:arm64	2:1.1.4-3build1
libxinerama1:arm64	2:1.1.4-3build1
libxkbcommon-dev:arm64	1.6.0-1build1
libxkbcommon0:arm64	1.6.0-1build1
libxkbfile1:arm64	1:1.1.0-1build4
libxml-parser-perl	2.47-1ubuntu0.24.04.1
libxml-twig-perl	1:3.52-2
libxml-xpathengine-perl	0.14-2
libxml2:arm64	2.9.14+dfsg-1.3ubuntu3.9
libxml2-dev:arm64	2.9.14+dfsg-1.3ubuntu3.9
libxmu6:arm64	2:1.1.3-3build2
libxmuu1:arm64	2:1.1.3-3build2
libxpm4:arm64	1:3.5.17-1ubuntu0.24.04.1
libxrandr-dev:arm64	2:1.5.2-2build1
libxrandr2:arm64	2:1.5.2-2build1
libxrender-dev:arm64	1:0.9.10-1.1build1
libxrender1:arm64	1:0.9.10-1.1build1
libxshmfence1:arm64	1.3-1build5
libxslt1.1:arm64	1.1.39-0exp1ubuntu0.24.04.3
libxt6t64:arm64	1:1.2.1-1.2build1
libxtst-dev:arm64	2:1.2.3-1.1build1
libxtst6:arm64	2:1.2.3-1.1build1
libxv1:arm64	2:1.0.11-1.1build1
libxxf86dga1:arm64	2:1.1.5-1build1
libxxf86vm1:arm64	1:1.1.4-1build4
libxxhash0:arm64	0.8.2-2build1
libyaml-0-2:arm64	0.2.5-1build1
libz3-4:arm64	4.8.12-3.1build1
libz3-dev:arm64	4.8.12-3.1build1
libzstd-dev:arm64	1.5.5+dfsg2-2build1.1
libzstd1:arm64	1.5.5+dfsg2-2build1.1
linux-libc-dev:arm64	6.8.0-142.142
lld:arm64	1:18.0-59~exp2
lld-18	1:18.1.3-1ubuntu1
llvm	1:18.0-59~exp2
llvm-18	1:18.1.3-1ubuntu1
llvm-18-dev	1:18.1.3-1ubuntu1
llvm-18-linker-tools	1:18.1.3-1ubuntu1
llvm-18-runtime	1:18.1.3-1ubuntu1
llvm-18-tools	1:18.1.3-1ubuntu1
llvm-runtime:arm64	1:18.0-59~exp2
login	1:4.13+dfsg1-4ubuntu3.2
logsave	1.47.0-2.4~exp1ubuntu4.1
lto-disabled-list	47
make	4.3-4.1build2
manpages	6.7-2
manpages-dev	6.7-2
mawk	1.3.4.20240123-1build1
media-types	10.1.0
mesa-libgallium:arm64	25.2.8-0ubuntu0.24.04.2
mesa-vulkan-drivers:arm64	25.2.8-0ubuntu0.24.04.2
mount	2.39.3-9ubuntu6.6
ncurses-base	6.4+20240113-1ubuntu2.2
ncurses-bin	6.4+20240113-1ubuntu2.2
netbase	6.4
networkd-dispatcher	2.2.4-1
node-abbrev	1.1.1+~1.1.2-1
node-acorn	8.8.1+ds+~cs25.17.7-2
node-agent-base	7.1.0~0~2023071921-5
node-ajv	8.12.0~ds+~2.1.1-4
node-ajv-keywords	5.1.0-4
node-ampproject-remapping	2.2.0+~cs5.15.37-1
node-ansi-escapes	5.0.0+really.4.3.1-1
node-ansi-regex	5.0.1-1
node-ansi-styles	6.2.1-2
node-anymatch	3.1.3+~cs4.6.1-2
node-aproba	2.0.0-3
node-archy	1.0.0-6
node-are-we-there-yet	3.0.1+~1.1.0-1
node-argparse	2.0.1-2
node-arrify	2.0.1-3
node-assert	2.0.0+~cs3.9.8-2
node-async	0.8.0-6
node-async-each	1.0.3-3
node-auto-bind	4.0.0-2
node-babel-helper-define-polyfill-provider	0.3.3~0~20220913+ds1-1
node-babel-plugin-add-module-exports	1.0.4+dfsg1~cs5.8.0-4
node-babel-plugin-lodash	3.3.4+~cs2.0.1-7
node-babel-plugin-polyfill-corejs2	0.3.3~0~20220913+ds1-1
node-babel-plugin-polyfill-corejs3	0.6.0~0~20220913+ds1-1
node-babel-plugin-polyfill-regenerator	0.4.1~0~20220913+ds1-1
node-babel7	7.20.15+ds1+~cs214.269.168-6build1
node-babel7-runtime	7.20.15+ds1+~cs214.269.168-6build1
node-balanced-match	2.0.0-1
node-base	3.0.0-3
node-base64-js	1.5.1+dfsg+~1.3.0-2
node-binary-extensions	2.2.0-2
node-brace-expansion	2.0.1+~1.1.0-1
node-braces	3.0.2+~3.0.1-1
node-browserslist	4.22.1+~cs6.1.28-1
node-builtins	5.0.1-1
node-busboy	1.6.0+~cs2.6.0-2
node-cacache	17.0.3+~cs10.3.7-1
node-cache-base	4.0.2-1
node-camelcase	7.0.0-3
node-caniuse-lite	1.0.30001571+dfsg+~1.0.5-1
node-chalk	5.3.0-1build1
node-chokidar	3.6.0-2
node-chownr	2.0.0-2
node-chrome-trace-event	1.0.3-2
node-ci-info	4.0.0+~cs1.1.0-1build2
node-cjs-module-lexer	1.2.3+dfsg-1
node-cli-boxes	3.0.0-1build2
node-cli-cursor	4.0.0-3
node-cli-table	0.3.11+~cs0.13.4-3
node-cli-truncate	2.1.0-5
node-cliui	7.0.4+repack+~cs3.1.0-4
node-clone	2.1.2+~2.1.2-1
node-clone-deep	4.0.1+~cs7.0.2-1
node-collection-visit	1.0.0-4
node-color-convert	2.0.1+~cs2.0.0-2
node-color-name	1.1.4+~1.1.1-2
node-colors	1.4.0-4
node-columnify	1.6.0+~1.5.1-1
node-commander	9.4.1-1
node-commondir	1.0.1+~1.0.0-1
node-concat-stream	2.0.0+~2.0.0-2
node-console-control-strings	1.1.0-3
node-convert-source-map	1.9.0+~1.5.2-1
node-copy-concurrently	1.0.5-9
node-core-js	3.33.2-1build2
node-core-js-compat	3.33.2-1build2
node-core-js-pure	3.33.2-1build2
node-core-util-is	1.0.3-1
node-coveralls	3.1.1-2build1
node-css-loader	6.8.1+~cs14.0.17-1
node-css-selector-tokenizer	0.8.0+~cs4.8.3-1
node-data-uri-to-buffer	5.0.1~0~2023071921-5
node-debbundle-es-to-primitive	1.2.1+~cs9.7.25-2
node-debug	4.3.4+~cs4.1.7-1
node-decamelize	4.0.0-2
node-decompress-response	6.0.0-2
node-deep-equal	2.2.3+~cs43.15.94-1
node-deep-is	0.1.4-1
node-defaults	1.0.4+~1.0.3-1
node-define-properties	1.2.1+~cs2.2.3-1
node-define-property	2.0.2+really+2.0.2-3
node-defined	1.0.1+~1.0.0-1
node-del	7.0.0-5
node-delegates	1.0.0-3
node-depd	2.0.0-2
node-diff	5.0.0~dfsg+~5.0.1-4
node-doctrine	3.0.0-4
node-electron-to-chromium	1.4.616-1
node-encoding	0.1.13-2
node-end-of-stream	1.4.4+~1.4.1-1
node-enhanced-resolve	5.15.0-1
node-err-code	2.0.3+dfsg-3
node-errno	1.0.0-3
node-error-ex	1.3.2-4
node-es-abstract	1.20.4+~cs26.27.47-1
node-es-module-lexer	1.1.0+dfsg-3
node-es6-error	4.1.1-5
node-escape-string-regexp	4.0.0-2
node-escodegen	2.1.0+dfsg+~0.0.8-1
node-eslint-scope	7.1.1+~3.7.4-1
node-eslint-utils	3.0.0-3
node-eslint-visitor-keys	3.3.0+~1.0.0-1
node-espree	9.4.1~dfsg-2
node-esprima	4.0.1+ds+~4.0.3-2
node-esquery	1.4.2~ds-1
node-esrecurse	4.3.0-2
node-estraverse	5.3.0+ds+~5.1.1-1
node-esutils	2.0.3+~2.0.0-1
node-events	3.3.0+~3.0.0-3
node-fancy-log	1.3.3+~cs1.3.1-2
node-fast-deep-equal	3.1.3-3
node-fast-levenshtein	2.0.6+ds-3
node-fetch	3.3.2+~cs11.4.11-1
node-file-entry-cache	6.0.1+~3.0.4+~2.0.0+~1.0.0+~2.0.1-1
node-fill-range	7.0.1+~7.0.0-1
node-find-cache-dir	3.3.2+~3.2.1-1
node-find-up	6.3.0-7
node-flat-cache	3.0.4~6.0.1+~3.0.4+~2.0.0+~1.0.0+~2.0.1-1
node-flatted	3.2.7~ds-1
node-for-in	1.0.2-4
node-for-own	1.0.0-3
node-foreground-child	3.1.1-2
node-fs-readdir-recursive	1.1.0+~1.1.0-1
node-fs-write-stream-atomic	1.0.10-6
node-fs.realpath	1.0.0-3
node-function-bind	1.1.2+~cs2.1.14-1
node-functional-red-black-tree	1.0.1+20181105-7
node-gauge	4.0.4-2
node-get-caller-file	2.0.5+~cs1.1.1-4
node-get-stream	6.0.1-1
node-get-value	1:3.0.1-4
node-glob	8.1.0+~cs8.5.15-1
node-glob-parent	6.0.2+~5.1.1-2
node-globals	13.23.0-1
node-globby	13.1.3+~cs16.25.40-2
node-got	11.8.5+~cs58.13.36-3
node-graceful-fs	4.2.10-1
node-growl	1.10.5-4
node-gyp	9.3.0-3
node-has-flag	4.0.0-3
node-has-unicode	2.0.1-5
node-has-value	2.0.2-4
node-has-values	2.0.1-4
node-hosted-git-info	6.1.1-2
node-http-proxy-agent	7.0.0~0~2023071921-5
node-https-proxy-agent	7.0.1~0~2023071921-5
node-iconv-lite	0.6.3-3
node-icss-utils	5.1.0+~5.1.0-1
node-ieee754	1.2.1-3
node-iferr	1.0.2+~1.0.2-1
node-ignore	5.2.1-1
node-imurmurhash	0.1.4+dfsg+~0.1.1-2
node-indent-string	4.0.0-2
node-inflight	1.0.6-2
node-inherits	2.0.4-6
node-ini	3.0.1-2
node-interpret	2.2.0-3
node-ip	2.0.0+~1.1.0-1ubuntu1
node-ip-regex	4.3.0+~4.1.1-1
node-is-arrayish	0.3.2-3
node-is-binary-path	2.1.0-5
node-is-buffer	2.0.5-2
node-is-descriptor	3.0.0-2
node-is-extendable	1.0.1-3
node-is-extglob	2.1.1-5
node-is-glob	4.0.3-2
node-is-number	7.0.0-4
node-is-path-cwd	2.2.0-2
node-is-path-inside	3.0.3-2
node-is-plain-obj	3.0.0-2
node-is-plain-object	5.0.0-7
node-is-primitive	3.0.1-3
node-is-stream	3.0.0-4
node-is-typedarray	1.0.0-4
node-is-windows	1.0.2+~cs1.0.0-1
node-isarray	2.0.5-4
node-isexe	2.0.0+~2.0.1-5
node-isobject	4.0.0-2
node-istanbul	0.4.5+repack10+~cs98.25.59-2
node-jest-debbundle	29.6.2~ds1+~cs73.45.28-5
node-jest-worker	29.6.2~ds1+~cs73.45.28-5
node-js-tokens	8.0.0-2
node-js-yaml	4.1.0+dfsg+~4.0.5-7
node-jsesc	3.0.2+~3.0.1-1
node-json-buffer	3.0.1+~3.0.0-1
node-json-parse-better-errors	1.0.2+~cs3.3.1-2
node-json-schema	0.4.0+~7.0.11-1
node-json-schema-traverse	1.0.0-3
node-json-stable-stringify	1.0.2+repack1+~cs1.0.34-2
node-json5	2.2.3+dfsg-1build1
node-jsonify	0.0.1-1
node-jsonparse	1.3.1-10
node-kind-of	6.0.3+dfsg-2
node-lcov-parse	1.0.0+20170612git80d039574ed9-6
node-levn	0.4.1+dfsg-2
node-loader-runner	4.3.0-1
node-locate-path	7.1.1-2
node-lodash	4.17.21+dfsg+~cs8.31.198.20210220-9
node-lodash-packages	4.17.21+dfsg+~cs8.31.198.20210220-9
node-log-driver	1.2.7+git+20180219+bba1761737-7
node-lowercase-keys	2.0.0-2
node-lru-cache	7.14.1-1
node-make-dir	3.1.0-3
node-map-visit	1.0.0-4
node-memfs	3.4.12+~cs1.0.3-1
node-memory-fs	0.5.0+~0.3.3-2
node-merge-stream	2.0.0+~1.1.2-2
node-micromatch	4.0.5+~4.0.2-1
node-mime	3.0.0+dfsg+~cs6.97.2-1
node-mime-types	2.1.35-2
node-mimic-response	3.1.0-8
node-minimatch	9.0.3-4build5
node-minimist	1.2.8+~cs5.3.5-1
node-minipass	3.3.6+~cs9.4.19-1
node-mixin-deep	2.0.1-3
node-mkdirp	1.0.4+~1.0.2-4
node-move-concurrently	1.0.1-5
node-ms	2.1.3+~cs0.7.31-3
node-mute-stream	0.0.8+~0.0.1-3
node-n3	1.16.3+~1.2.3+~1.10.4-1
node-negotiator	0.6.3+~0.6.1-1
node-neo-async	2.6.2+~cs3.0.0-3
node-nopt	5.0.0-4
node-normalize-package-data	4.0.1+~2.4.1-1
node-normalize-path	3.0.0+~3.0.0-1
node-npm-bundled	2.0.1-2
node-npm-package-arg	10.0.0+~3.0.0-2
node-npm-run-path	5.1.0+~4.0.0-8
node-npmlog	7.0.1+~4.1.4-1
node-object-assign	4.1.1-7
node-object-inspect	1.12.2+~cs1.8.1-1
node-object-visit	1.0.1-5
node-once	1.4.1-1
node-opener	1.5.2+~1.4.0-1
node-optimist	0.6.1+~0.0.30-2
node-optionator	0.9.1+dfsg+~cs1.2.3-1
node-osenv	0.1.5+~0.1.1-1
node-p-cancelable	2.1.1-1
node-p-limit	4.0.0+~cs4.0.0-5
node-p-locate	6.0.0-12
node-p-map	4.0.0+~3.1.0+~3.0.1-1
node-parse-json	5.2.0+~cs5.1.7-1
node-pascalcase	1.0.0-1
node-path-dirname	1.0.2-2
node-path-exists	5.0.0-8
node-path-is-absolute	2.0.0-2
node-path-is-inside	1.0.2+~1.0.0-1
node-path-type	4.0.0-3
node-picocolors	1.0.0-4
node-pify	5.0.0+~cs5.0.1-1
node-pkg-dir	5.0.0-2
node-postcss	8.4.31+~cs8.0.26-1
node-postcss-modules-extract-imports	3.0.0-2
node-postcss-modules-values	4.0.0+~4.0.0-1
node-postcss-value-parser	4.2.0-1
node-prelude-ls	1.2.1+dfsg-3
node-process-nextick-args	2.0.1-3
node-progress	2.0.3-2
node-promise-inflight	1.0.1+~1.0.0-1
node-promise-retry	2.0.1-4
node-promzard	0.3.0-2
node-prr	1.0.1-3
node-pump	3.0.0-5
node-punycode	2.2.3-2
node-quick-lru	6.1.1-4
node-randombytes	2.1.0+~2.0.0-2
node-re2:arm64	1.20.10+~cs2.13.13-1
node-read	1.0.7-5
node-read-package-json	5.0.2+~2.0.0-1
node-read-pkg	5.2.0-2
node-readable-stream	3.6.0+~cs3.0.0-4build1
node-readdirp	3.6.0-1
node-rechoir	0.8.0+~0.6.1-2
node-regenerate	1.4.2-3
node-regenerate-unicode-properties	10.1.0+ds-1
node-regenerator-runtime	0.15.2+~0.10.8-1
node-regenerator-transform	0.15.2+~0.10.8-1
node-regexpp	3.2.0-5
node-regexpu-core	5.2.2-3
node-regjsgen	0.7.1+ds-1
node-regjsparser	0.9.1+ds-2
node-repeat-string	1.6.1+repack-1
node-require-directory	2.1.1+~2.1.2-1
node-require-from-string	2.0.2+~1.2.1-1
node-resolve	1.22.8+~cs5.34.15-2
node-resolve-cwd	3.0.0-2
node-resolve-from	5.0.0+~3.1.0+~3.3.0+~2.0.0-1
node-restore-cursor	4.0.0-4
node-resumer	0.0.0-6
node-retry	0.13.1+~0.12.1-1
node-rimraf	3.0.2-2
node-run-queue	2.0.0-3
node-safe-buffer	5.2.1+~cs2.1.2-3
node-schema-utils	4.2.0~ds-3build3
node-sellside-emitter	1.2.1-3
node-semver	7.5.4+~7.5.0-2
node-serialize-javascript	6.0.1-1
node-set-blocking	2.0.0-2
node-set-immediate-shim	2.0.0-2
node-set-value	4.1.0+~4.0.1-2
node-shebang-command	2.0.0-1
node-shebang-regex	3.0.0-2
node-shell-quote	1.7.4+~1.7.1-1ubuntu0.24.04.1
node-signal-exit	4.1.0-6
node-slash	4.0.0-3
node-slice-ansi	5.0.0+~cs9.0.0-5
node-source-list-map	2.0.1+dfsg+~0.1.2-1
node-source-map	0.7.0++dfsg2+really.0.6.1-15
node-source-map-support	0.5.21+ds+~0.5.4-1
node-spdx-correct	3.1.1-2
node-spdx-exceptions	2.3.0-2
node-spdx-expression-parse	3.0.1+~3.0.1-1
node-spdx-license-ids	3.0.12-1
node-sprintf-js	1.1.2+ds1+~1.1.2-1
node-ssri	9.0.1-2
node-stack-utils	2.0.6+~2.0.1-1
node-string-decoder	1.3.0-6
node-string-width	4.2.3+~cs13.2.3-1
node-strip-ansi	6.0.1-2
node-strip-bom	4.0.0-2
node-strip-json-comments	4.0.0-4
node-supports-color	8.1.1+~8.1.1-1
node-tap	16.3.7+ds1+~cs50.9.19-4
node-tap-mocha-reporter	5.0.3+~2.0.2-2
node-tap-parser	11.0.2+~cs2.1.4-1
node-tapable	2.2.1-3
node-tape	5.6.1+~cs8.20.19-1
node-tar	6.1.13+~cs7.0.5-3
node-terser	5.19.2-1
node-text-table	0.2.0-4
node-through	2.3.8+~cs0.0.30-1
node-time-stamp	2.2.0-2
node-to-fast-properties	3.0.1-3
node-to-regex-range	5.0.1-4
node-tslib	2.4.1-1
node-type-check	0.4.0+dfsg-3
node-typedarray	0.0.7-1
node-typedarray-to-buffer	4.0.0-2
node-undici	5.26.3+dfsg1+~cs23.10.12-2
node-unicode-canonical-property-names-ecmascript	2.0.0-2
node-unicode-match-property-ecmascript	2.0.0-2
node-unicode-match-property-value-ecmascript	2.1.0+ds-1
node-unicode-property-aliases-ecmascript	2.1.0+ds-1
node-union-value	2.0.1-4
node-unique-filename	1.1.1+ds-2
node-unset-value	2.0.1-1
node-uri-js	4.4.0+dfsg-8
node-util	0.12.5+~1.0.10-1
node-util-deprecate	1.0.2-3
node-uuid	8.3.2+~8.3.3-4
node-v8-compile-cache	2.4.0-2
node-v8flags	3.2.0+~3.1.1-1
node-validate-npm-package-license	3.0.4-2
node-validate-npm-package-name	5.0.0+~4.0.0-1
node-watchpack	2.4.0+~cs2.8.1-1
node-wcwidth.js	1.0.2-2
node-webassemblyjs	1.11.4+dfsg+~cs10.11.17-2
node-webpack-sources	3.2.3+~3.2.0-2
node-which	2.0.2+~cs1.3.2-3
node-wide-align	1.1.3-4
node-widest-line	3.1.0-2
node-wordwrap	1.0.0-4
node-wrap-ansi	8.0.1+~8.0.1-3
node-wrappy	1.0.2-3
node-write	2.0.0~6.0.1+~3.0.4+~2.0.0+~1.0.0+~2.0.1-1
node-write-file-atomic	4.0.2+~4.0.0-2
node-ws	8.11.0+~cs13.7.3-2
node-xtend	4.0.2-3
node-y18n	5.0.8+~5.0.0-3
node-yallist	4.0.0+~4.0.1-1
node-yaml	2.3.4-1build1
node-yargs	16.2.0+~16.0.4-7
node-yargs-parser	21.1.1+~21.0.0-4
nodejs	18.19.1+dfsg-6ubuntu5
nodejs-doc	18.19.1+dfsg-6ubuntu5
npm	9.2.0~ds1-2
openssh-client	1:9.6p1-3ubuntu13.19
openssl	3.0.13-0ubuntu3.15
pango1.0-tools	1.52.1+ds-1build1
passwd	1:4.13+dfsg1-4ubuntu3.2
patch	2.7.6-7build3
patchelf	0.18.0-1.1build1
perl	5.38.2-3.2ubuntu0.6
perl-base	5.38.2-3.2ubuntu0.6
perl-modules-5.38	5.38.2-3.2ubuntu0.6
perl-openssl-defaults:arm64	7build3
pinentry-curses	1.2.1-3ubuntu5
pkg-config:arm64	1.8.1-2build1
pkgconf:arm64	1.8.1-2build1
pkgconf-bin	1.8.1-2build1
procps	2:4.0.4-4ubuntu3.3
publicsuffix	20231001.0357-0.1
python3	3.12.3-0ubuntu2.1
python3-dbus	1.3.2-5build3
python3-gi	3.48.2-1
python3-minimal	3.12.3-0ubuntu2.1
python3-packaging	24.0-1
python3-pkg-resources	68.1.2-2ubuntu1.2
python3-pygments	2.17.2+dfsg-1
python3-six	1.16.0-4
python3-yaml	6.0.1-2build2
python3.12	3.12.3-1ubuntu0.17
python3.12-minimal	3.12.3-1ubuntu0.17
readline-common	8.2-4build1
rpcsvc-proto	1.4.2-0ubuntu7
sed	4.9-2ubuntu0.24.04.1
sensible-utils	0.0.22
session-migration	0.3.9build1
sgml-base	1.31
shared-mime-info	2.4-4
squashfs-tools	1:4.6.1-1build1
systemd	255.4-1ubuntu8.17
systemd-dev	255.4-1ubuntu8.17
systemd-resolved	255.4-1ubuntu8.17
systemd-sysv	255.4-1ubuntu8.17
systemd-timesyncd	255.4-1ubuntu8.17
sysvinit-utils	3.08-6ubuntu3
tar	1.35+dfsg-3ubuntu0.4
terser	5.19.2-1
tzdata	2026c-0ubuntu0.24.04.1
ubuntu-keyring	2023.11.28.1
ubuntu-mono	24.04-0ubuntu1
unminimize	0.2.1
util-linux	2.39.3-9ubuntu6.6
uuid-dev:arm64	2.39.3-9ubuntu6.6
wayland-protocols	1.45-1~ubuntu0.24.04.2
webpack	5.76.1+dfsg1+~cs17.16.16-1
x11-common	1:7.7+23ubuntu3
x11-utils	7.7+6build2
x11-xserver-utils	7.7+10build2
x11proto-dev	2023.2-1
xauth	1:1.1.2-1build1
xdg-dbus-proxy	0.1.5-1ubuntu0.2
xdg-desktop-portal	1.18.4-1ubuntu2.24.04.3
xdg-desktop-portal-gtk	1.15.1-1build2
xdg-user-dirs	0.18-1build1
xdg-utils	1.1.3-4.1ubuntu3
xkb-data	2.41-2ubuntu1.1
xml-core	0.19
xorg-sgml-doctools	1:1.11-1.1
xtrans-dev	1.4.0-1
xz-utils	5.6.1+really5.4.5-1ubuntu0.3
zlib1g:arm64	1:1.3.dfsg-3.1ubuntu2.2
zlib1g-dev:arm64	1:1.3.dfsg-3.1ubuntu2.2
zutty	0.14.8.20231210+dfsg1-1
